epoch,split,loss
0,train,5.005651473999023
0,train,5.74984884262085
0,train,2.1648950576782227
0,train,4.566474437713623
0,train,3.214836597442627
0,train,2.6659483909606934
0,train,2.924180269241333
0,train,1.8797014951705933
0,train,3.796095371246338
0,train,3.1047651767730713
0,train,1.9174383878707886
0,train,2.2275798320770264
0,train,1.5439341068267822
0,train,1.9009495973587036
0,train,1.5125329494476318
0,train,2.751741647720337
0,train,3.4073030948638916
0,train,2.087087631225586
0,train,2.5509114265441895
0,train,3.5991456508636475
1,train,3.5233120918273926
1,train,3.802172899246216
1,train,1.7131030559539795
1,train,2.7225189208984375
1,train,2.122209072113037
1,train,2.1641788482666016
1,train,2.0311336517333984
1,train,1.7805358171463013
1,train,2.4149117469787598
1,train,3.8908045291900635
1,train,3.2089874744415283
1,train,3.9098808765411377
1,train,4.019201278686523
1,train,2.9185256958007812
1,train,2.0478458404541016
1,train,3.3443241119384766
1,train,2.2725870609283447
1,train,3.2692410945892334
1,train,2.0662786960601807
1,train,2.650540351867676
2,train,2.7937586307525635
2,train,3.0504236221313477
2,train,2.5911803245544434
2,train,2.183027982711792
2,train,2.9309582710266113
2,train,1.8583364486694336
2,train,1.9118610620498657
2,train,2.8748080730438232
2,train,2.305974006652832
2,train,2.7747724056243896
2,train,1.7512242794036865
2,train,2.3353843688964844
2,train,1.3294748067855835
2,train,2.2454843521118164
2,train,1.1298587322235107
2,train,1.9814683198928833
2,train,1.5962421894073486
2,train,2.0065221786499023
2,train,2.0770485401153564
2,train,1.4642815589904785
3,train,2.0462911128997803
3,train,2.1068263053894043
3,train,1.1368387937545776
3,train,1.6449071168899536
3,train,1.6765053272247314
3,train,1.6326242685317993
3,train,1.8288248777389526
3,train,1.3400614261627197
3,train,0.9831687211990356
3,train,1.6447714567184448
3,train,2.0818417072296143
3,train,1.510054349899292
3,train,1.8832545280456543
3,train,1.2957050800323486
3,train,1.3645392656326294
3,train,1.2302041053771973
3,train,1.6847808361053467
3,train,1.2842538356781006
3,train,1.0559557676315308
3,train,1.499747633934021
4,train,1.240692138671875
4,train,1.49509859085083
4,train,1.65774405002594
4,train,1.0429179668426514
4,train,1.8567140102386475
4,train,1.7043747901916504
4,train,1.4414962530136108
4,train,1.4494487047195435
4,train,1.7469316720962524
4,train,1.6392936706542969
4,train,1.047688364982605
4,train,1.2368569374084473
4,train,1.3373602628707886
4,train,1.0660220384597778
4,train,2.1000280380249023
4,train,1.3635650873184204
4,train,1.3321290016174316
4,train,1.3906267881393433
4,train,1.453218936920166
4,train,1.2537795305252075
5,train,1.5579012632369995
5,train,1.6034489870071411
5,train,1.3925498723983765
5,train,1.2909724712371826
5,train,1.4182755947113037
5,train,1.1287333965301514
5,train,1.2211923599243164
5,train,1.4195305109024048
5,train,1.4174875020980835
5,train,1.4400068521499634
5,train,1.116064429283142
5,train,1.3500689268112183
5,train,0.9574912190437317
5,train,1.1345630884170532
5,train,2.1422841548919678
5,train,1.6999704837799072
5,train,1.3732988834381104
5,train,1.0390974283218384
5,train,1.613048791885376
5,train,1.0817396640777588
6,train,1.0331224203109741
6,train,1.5063787698745728
6,train,1.2156022787094116
6,train,1.6260005235671997
6,train,0.9553229212760925
6,train,1.0808477401733398
6,train,1.7928334474563599
6,train,1.3431650400161743
6,train,1.0225355625152588
6,train,1.097651481628418
6,train,1.196258544921875
6,train,0.9182899594306946
6,train,1.4094008207321167
6,train,1.527496576309204
6,train,1.3137706518173218
6,train,0.9790317416191101
6,train,1.3368288278579712
6,train,1.0497736930847168
6,train,1.3144437074661255
6,train,1.2885042428970337
7,train,1.1132348775863647
7,train,1.6135313510894775
7,train,0.99237459897995
7,train,0.908352255821228
7,train,1.8364678621292114
7,train,1.551166296005249
7,train,1.5358697175979614
7,train,1.2541922330856323
7,train,1.252208948135376
7,train,2.0517873764038086
7,train,1.4005789756774902
7,train,1.1651513576507568
7,train,0.9751541614532471
7,train,0.8657059073448181
7,train,1.723747968673706
7,train,1.0908759832382202
7,train,0.9132959842681885
7,train,1.031762719154358
7,train,0.9812923669815063
7,train,1.3105779886245728
8,train,1.0054091215133667
8,train,1.7636322975158691
8,train,1.5520901679992676
8,train,0.8708877563476562
8,train,1.2276543378829956
8,train,1.1718083620071411
8,train,0.8499144315719604
8,train,0.9853115081787109
8,train,1.4086995124816895
8,train,0.9970213770866394
8,train,1.1541692018508911
8,train,1.4236503839492798
8,train,0.8558889627456665
8,train,1.0999170541763306
8,train,1.8336071968078613
8,train,1.120383620262146
8,train,0.9578052759170532
8,train,1.2385969161987305
8,train,0.9534744620323181
8,train,1.130372166633606
9,train,0.8184858560562134
9,train,1.060512661933899
9,train,1.040579080581665
9,train,1.0521833896636963
9,train,0.9279537796974182
9,train,1.0855319499969482
9,train,0.9031848907470703
9,train,1.2775651216506958
9,train,1.6037893295288086
9,train,0.9297391772270203
9,train,1.1429262161254883
9,train,1.0744037628173828
9,train,1.1883817911148071
9,train,0.8871194124221802
9,train,1.0979593992233276
9,train,1.0177806615829468
9,train,1.2969642877578735
9,train,1.6696531772613525
9,train,1.095797061920166
9,train,1.443311333656311
10,train,1.1935445070266724
10,train,0.9400814175605774
10,train,1.052917718887329
10,train,1.4015579223632812
10,train,0.9289621710777283
10,train,0.8969249129295349
10,train,1.1110334396362305
10,train,0.9477695226669312
10,train,1.3675135374069214
10,train,1.1311373710632324
10,train,1.2738655805587769
10,train,1.0314600467681885
10,train,1.0939935445785522
10,train,0.8161822557449341
10,train,0.9783985018730164
10,train,1.151235818862915
10,train,1.0609090328216553
10,train,0.8861426115036011
10,train,0.9447801113128662
10,train,0.9656097292900085
11,train,1.2241461277008057
11,train,0.8243533372879028
11,train,1.1380647420883179
11,train,1.034006118774414
11,train,1.06549072265625
11,train,0.7578437924385071
11,train,0.8773532509803772
11,train,0.8748293519020081
11,train,1.1832443475723267
11,train,0.8870985507965088
11,train,1.3621129989624023
11,train,1.2032592296600342
11,train,0.8772472739219666
11,train,0.9647433161735535
11,train,0.850976288318634
11,train,1.2195007801055908
11,train,1.42533278465271
11,train,0.9964078664779663
11,train,1.0185751914978027
11,train,1.0901782512664795
12,train,0.9770904779434204
12,train,0.8793425559997559
12,train,1.1307501792907715
12,train,0.8853896856307983
12,train,1.3004169464111328
12,train,0.9960947632789612
12,train,0.7685559988021851
12,train,1.2964417934417725
12,train,1.5074224472045898
12,train,1.4662734270095825
12,train,1.1503627300262451
12,train,1.2985628843307495
12,train,1.4056963920593262
12,train,0.8970632553100586
12,train,0.9203198552131653
12,train,0.7685417532920837
12,train,1.2411491870880127
12,train,0.823872983455658
12,train,1.3336347341537476
12,train,1.4483704566955566
13,train,1.112216591835022
13,train,0.9317539930343628
13,train,0.8105846643447876
13,train,0.7833892703056335
13,train,1.0184969902038574
13,train,1.0289254188537598
13,train,0.9011370539665222
13,train,1.69443941116333
13,train,1.006316065788269
13,train,0.9708911776542664
13,train,0.990742564201355
13,train,0.8635585308074951
13,train,1.2164779901504517
13,train,1.4413573741912842
13,train,0.8576843738555908
13,train,1.3252692222595215
13,train,1.5053074359893799
13,train,0.9401674270629883
13,train,0.8967851400375366
13,train,0.8642672300338745
14,train,1.153236746788025
14,train,0.8988816738128662
14,train,0.9738560914993286
14,train,0.860568642616272
14,train,1.2087799310684204
14,train,0.8937559127807617
14,train,0.972939133644104
14,train,1.1396586894989014
14,train,0.9254687428474426
14,train,1.3990346193313599
14,train,1.143908143043518
14,train,1.0263878107070923
14,train,0.9823280572891235
14,train,0.8813344240188599
14,train,0.9831079244613647
14,train,1.2183177471160889
14,train,0.8920539021492004
14,train,1.0201671123504639
14,train,0.8115174770355225
14,train,1.153335690498352
15,train,1.0247514247894287
15,train,0.8513805866241455
15,train,0.8844693899154663
15,train,1.1837191581726074
15,train,0.744358479976654
15,train,0.9221692681312561
15,train,1.0402419567108154
15,train,0.8717608451843262
15,train,1.282802700996399
15,train,0.9511588215827942
15,train,1.1889820098876953
15,train,1.6664037704467773
15,train,0.9494196176528931
15,train,1.017877221107483
15,train,1.0628525018692017
15,train,1.7239059209823608
15,train,0.9708788394927979
15,train,1.3063948154449463
15,train,0.9073481559753418
15,train,0.8631282448768616
16,train,1.0495753288269043
16,train,0.9666942954063416
16,train,1.1286046504974365
16,train,0.8669384717941284
16,train,0.8194559216499329
16,train,1.0572401285171509
16,train,1.330775260925293
16,train,0.8614686727523804
16,train,1.178438663482666
16,train,0.9018241763114929
16,train,1.131051778793335
16,train,1.016445517539978
16,train,1.2151827812194824
16,train,0.8335659503936768
16,train,0.8152871131896973
16,train,1.0477741956710815
16,train,0.9022132754325867
16,train,1.1363433599472046
16,train,1.2562665939331055
16,train,0.9309513568878174
17,train,0.920290470123291
17,train,0.8388745784759521
17,train,0.815765380859375
17,train,1.0362197160720825
17,train,1.0012151002883911
17,train,1.2540119886398315
17,train,1.345752239227295
17,train,0.9412637948989868
17,train,0.7795151472091675
17,train,0.9424663186073303
17,train,1.2906384468078613
17,train,0.9375460147857666
17,train,1.8012959957122803
17,train,0.9296931624412537
17,train,1.4596372842788696
17,train,1.117386817932129
17,train,0.8935552835464478
17,train,0.8122941255569458
17,train,0.9040049314498901
17,train,0.8464343547821045
18,train,1.1438939571380615
18,train,0.7791914939880371
18,train,0.8349509835243225
18,train,0.8354211449623108
18,train,1.0705269575119019
18,train,0.7900727391242981
18,train,0.7653794288635254
18,train,0.9002944827079773
18,train,1.1602333784103394
18,train,1.725996971130371
18,train,1.632911205291748
18,train,1.1658167839050293
18,train,1.038326621055603
18,train,0.7357077598571777
18,train,0.8767154216766357
18,train,1.0783350467681885
18,train,0.7542542219161987
18,train,0.9161401987075806
18,train,1.0951484441757202
18,train,1.069346308708191
19,train,1.0304927825927734
19,train,1.2366505861282349
19,train,1.189908504486084
19,train,1.1233830451965332
19,train,1.090132236480713
19,train,0.9576461315155029
19,train,0.9289891123771667
19,train,1.0435112714767456
19,train,1.3035520315170288
19,train,0.7951323986053467
19,train,0.8430100679397583
19,train,0.8102071285247803
19,train,0.8135995864868164
19,train,1.0415288209915161
19,train,0.7668614387512207
19,train,1.2189103364944458
19,train,0.8836415410041809
19,train,0.8539786338806152
19,train,0.8184914588928223
19,train,1.174473762512207
20,train,1.3279112577438354
20,train,0.8997294306755066
20,train,1.2951610088348389
20,train,0.7465298771858215
20,train,1.268153190612793
20,train,1.3252379894256592
20,train,1.0789515972137451
20,train,1.0894982814788818
20,train,1.0647073984146118
20,train,0.8288425207138062
20,train,0.9748100638389587
20,train,1.247117280960083
20,train,1.3902347087860107
20,train,0.7281227707862854
20,train,0.824308454990387
20,train,1.471911072731018
20,train,1.0102283954620361
20,train,1.0307036638259888
20,train,1.2719091176986694
20,train,1.3898510932922363
21,train,0.8457134366035461
21,train,1.0153248310089111
21,train,1.4827053546905518
21,train,0.7441527247428894
21,train,0.8110933899879456
21,train,1.0218441486358643
21,train,0.8063057065010071
21,train,0.9933797717094421
21,train,1.168703317642212
21,train,1.159683346748352
21,train,1.1410585641860962
21,train,0.8634880781173706
21,train,0.8337987065315247
21,train,0.9607599973678589
21,train,1.3256011009216309
21,train,1.2896358966827393
21,train,0.9209485650062561
21,train,1.1195964813232422
21,train,0.8763628602027893
21,train,1.0179262161254883
22,train,0.7169507145881653
22,train,0.9627642631530762
22,train,1.3684462308883667
22,train,1.0834314823150635
22,train,0.8614841103553772
22,train,1.186481237411499
22,train,1.1857519149780273
22,train,1.2419198751449585
22,train,0.8157826066017151
22,train,0.9104614853858948
22,train,0.8920507431030273
22,train,1.6236793994903564
22,train,1.2350817918777466
22,train,0.989617645740509
22,train,0.7552293539047241
22,train,1.4652923345565796
22,train,0.8329868316650391
22,train,0.8673856854438782
22,train,0.7786954641342163
22,train,0.8919618129730225
23,train,1.3246901035308838
23,train,1.039846420288086
23,train,0.7628688216209412
23,train,1.0829156637191772
23,train,0.7714896202087402
23,train,0.8688347339630127
23,train,0.7471719980239868
23,train,0.9346117377281189
23,train,0.737990140914917
23,train,1.2620254755020142
23,train,0.9713985919952393
23,train,1.0373295545578003
23,train,1.013368844985962
23,train,1.338573694229126
23,train,1.1643418073654175
23,train,0.6916154026985168
23,train,0.9767513871192932
23,train,1.1260240077972412
23,train,1.0593470335006714
23,train,1.2568905353546143
24,train,0.9585449695587158
24,train,0.7307355403900146
24,train,0.9452956318855286
24,train,1.1779381036758423
24,train,0.9062433242797852
24,train,0.8055928349494934
24,train,0.9181922674179077
24,train,1.0643483400344849
24,train,0.9438809156417847
24,train,1.195950984954834
24,train,1.0903629064559937
24,train,0.76032555103302
24,train,1.2308590412139893
24,train,0.8611710071563721
24,train,0.7435359358787537
24,train,1.0001142024993896
24,train,0.7989795804023743
24,train,0.8237164616584778
24,train,1.041203498840332
24,train,1.1051586866378784
25,train,1.14985990524292
25,train,0.90859055519104
25,train,0.718685507774353
25,train,0.8554234504699707
25,train,0.8080200552940369
25,train,1.0193597078323364
25,train,0.790734589099884
25,train,1.2800289392471313
25,train,0.9895037412643433
25,train,0.9797824621200562
25,train,0.8081538677215576
25,train,0.9974867701530457
25,train,0.9017675518989563
25,train,1.1505546569824219
25,train,0.9769508242607117
25,train,1.0039656162261963
25,train,1.0929368734359741
25,train,0.8041850924491882
25,train,0.7369441986083984
25,train,0.7876212000846863
26,train,0.8533872961997986
26,train,0.8314923048019409
26,train,0.8011383414268494
26,train,1.0202473402023315
26,train,1.2029749155044556
26,train,0.9057952165603638
26,train,1.0470834970474243
26,train,0.9968506693840027
26,train,1.361136555671692
26,train,0.7346558570861816
26,train,0.8103746175765991
26,train,0.8326999545097351
26,train,0.8203034996986389
26,train,1.0816389322280884
26,train,0.6170682311058044
26,train,0.9811281561851501
26,train,0.9388394951820374
26,train,1.128532886505127
26,train,1.3664302825927734
26,train,1.263028860092163
27,train,0.737286388874054
27,train,0.8165686130523682
27,train,1.5234878063201904
27,train,0.9826205968856812
27,train,1.153099775314331
27,train,1.2700748443603516
27,train,0.8502969741821289
27,train,0.9073262214660645
27,train,0.7936082482337952
27,train,0.8611961007118225
27,train,0.8052193522453308
27,train,0.8971209526062012
27,train,0.9199248552322388
27,train,0.8097977638244629
27,train,1.0168737173080444
27,train,0.78351229429245
27,train,0.8713642358779907
27,train,0.7880957126617432
27,train,1.0700410604476929
27,train,1.2428205013275146
28,train,0.711207926273346
28,train,1.231244444847107
28,train,0.9734269380569458
28,train,0.7769981026649475
28,train,0.968890368938446
28,train,0.7457061409950256
28,train,1.038474440574646
28,train,0.7841054201126099
28,train,1.1229710578918457
28,train,1.0540125370025635
28,train,0.9089153409004211
28,train,0.9023127555847168
28,train,1.2260222434997559
28,train,1.0657670497894287
28,train,0.9691815376281738
28,train,0.8529009222984314
28,train,0.7368868589401245
28,train,0.9436395168304443
28,train,1.0298659801483154
28,train,1.3189961910247803
29,train,0.9602537155151367
29,train,1.46466863155365
29,train,0.7614136338233948
29,train,0.7761421799659729
29,train,0.9689127802848816
29,train,0.8128222227096558
29,train,0.7297860980033875
29,train,0.7217963337898254
29,train,0.8864712119102478
29,train,0.8082109689712524
29,train,1.278021216392517
29,train,0.7889544367790222
29,train,1.349680781364441
29,train,0.7315204739570618
29,train,1.0859274864196777
29,train,1.080905795097351
29,train,0.7223367691040039
29,train,0.762897789478302
29,train,0.741652250289917
29,train,0.7476184368133545
30,train,1.177639365196228
30,train,0.7404414415359497
30,train,1.6084107160568237
30,train,1.1129926443099976
30,train,1.3069486618041992
30,train,0.7753684520721436
30,train,1.2615470886230469
30,train,0.7793195843696594
30,train,1.0822722911834717
30,train,0.7592341303825378
30,train,0.8671194911003113
30,train,0.7022086381912231
30,train,0.8882491588592529
30,train,1.3628225326538086
30,train,1.2012790441513062
30,train,0.711975634098053
30,train,0.8419466614723206
30,train,0.9987879991531372
30,train,0.8590067028999329
30,train,0.7805439233779907
31,train,0.8394149541854858
31,train,0.7665281295776367
31,train,0.8088117837905884
31,train,0.82513427734375
31,train,0.790604293346405
31,train,0.8137621879577637
31,train,0.8161294460296631
31,train,0.7427606582641602
31,train,1.0904936790466309
31,train,0.9695412516593933
31,train,1.1437788009643555
31,train,0.7718713283538818
31,train,0.8970237374305725
31,train,1.158143401145935
31,train,1.249790906906128
31,train,1.0409173965454102
31,train,1.0581914186477661
31,train,0.9292845129966736
31,train,0.7874962687492371
31,train,1.3224729299545288
32,train,0.7483282089233398
32,train,1.0717709064483643
32,train,1.2637810707092285
32,train,1.0334280729293823
32,train,0.9913479685783386
32,train,0.7569958567619324
32,train,0.8174050450325012
32,train,0.814144492149353
32,train,0.753427267074585
32,train,1.0066286325454712
32,train,0.7487401366233826
32,train,0.7173858284950256
32,train,0.8729402422904968
32,train,0.8656892776489258
32,train,0.8353840708732605
32,train,0.7665427923202515
32,train,0.7334399819374084
32,train,1.2929458618164062
32,train,0.8861458897590637
32,train,0.8583769202232361
33,train,1.1407747268676758
33,train,1.4334076642990112
33,train,1.0634984970092773
33,train,1.127232551574707
33,train,0.7533482909202576
33,train,0.7746175527572632
33,train,0.9650120139122009
33,train,0.9714438915252686
33,train,0.840597927570343
33,train,1.0171560049057007
33,train,0.7083773016929626
33,train,0.8374204635620117
33,train,0.7483357787132263
33,train,0.7441884279251099
33,train,0.7664806842803955
33,train,0.8743817210197449
33,train,0.7270889282226562
33,train,1.1392631530761719
33,train,0.7048978209495544
33,train,0.8989357352256775
34,train,1.213513731956482
34,train,0.8897712230682373
34,train,0.9600141644477844
34,train,1.0361871719360352
34,train,0.7716769576072693
34,train,1.1069238185882568
34,train,1.102473258972168
34,train,0.7375420331954956
34,train,1.1069213151931763
34,train,1.0653977394104004
34,train,0.8862810134887695
34,train,0.8845235705375671
34,train,1.100209355354309
34,train,1.048267126083374
34,train,0.913064181804657
34,train,0.8542804718017578
34,train,0.7568957805633545
34,train,0.9156074523925781
34,train,1.0020464658737183
34,train,0.9108934998512268
35,train,1.2102608680725098
35,train,0.7538253664970398
35,train,0.9109649658203125
35,train,0.9710996150970459
35,train,0.741078794002533
35,train,0.9581255912780762
35,train,1.1079126596450806
35,train,0.830283522605896
35,train,0.8099092245101929
35,train,0.9936627745628357
35,train,1.1741985082626343
35,train,0.8289795517921448
35,train,0.7446923851966858
35,train,0.8016262054443359
35,train,1.0136739015579224
35,train,1.1826694011688232
35,train,0.8990771770477295
35,train,1.0204790830612183
35,train,1.3557713031768799
35,train,1.0753746032714844
36,train,0.9969894289970398
36,train,1.0581320524215698
36,train,0.7792479991912842
36,train,1.1611802577972412
36,train,1.0586882829666138
36,train,0.8765718340873718
36,train,0.6634477972984314
36,train,0.7413905262947083
36,train,0.9673382639884949
36,train,0.7804518342018127
36,train,0.6815516948699951
36,train,0.9218403697013855
36,train,0.9127387404441833
36,train,1.237298846244812
36,train,1.0289483070373535
36,train,0.8575297594070435
36,train,0.8398504853248596
36,train,0.7052245140075684
36,train,0.8845546245574951
36,train,1.0301482677459717
37,train,1.2136696577072144
37,train,0.7241197824478149
37,train,1.1242588758468628
37,train,0.672484815120697
37,train,0.7541400790214539
37,train,0.7787700891494751
37,train,1.0029428005218506
37,train,0.7195295691490173
37,train,0.8694738149642944
37,train,0.9378821849822998
37,train,0.978904128074646
37,train,1.0354456901550293
37,train,1.3615206480026245
37,train,1.0091190338134766
37,train,0.9898682832717896
37,train,0.7108319997787476
37,train,0.776385486125946
37,train,0.784668505191803
37,train,0.7816134095191956
37,train,1.2175651788711548
38,train,0.7258371710777283
38,train,1.0751488208770752
38,train,0.9038255214691162
38,train,0.8014870882034302
38,train,0.7155846357345581
38,train,1.4067461490631104
38,train,0.7228320240974426
38,train,0.6945626735687256
38,train,0.8015774488449097
38,train,0.8502224683761597
38,train,0.8371920585632324
38,train,0.7528167963027954
38,train,0.8171476721763611
38,train,0.8268258571624756
38,train,0.7667633891105652
38,train,1.0426127910614014
38,train,0.8892297744750977
38,train,0.9407055974006653
38,train,0.7515173554420471
38,train,1.2187089920043945
39,train,0.8146981000900269
39,train,0.9520052075386047
39,train,0.9168820381164551
39,train,0.7396728992462158
39,train,0.9283199310302734
39,train,0.8859458565711975
39,train,1.0264029502868652
39,train,0.7962329387664795
39,train,0.8706957101821899
39,train,1.0836373567581177
39,train,0.7118038535118103
39,train,0.8580184578895569
39,train,0.7714163064956665
39,train,0.8003939390182495
39,train,1.0118786096572876
39,train,0.6824875473976135
39,train,1.1168855428695679
39,train,0.6130231022834778
39,train,1.221308946609497
39,train,1.0987392663955688
40,train,0.9161890745162964
40,train,0.9713227152824402
40,train,0.7719196677207947
40,train,0.6838393211364746
40,train,1.1292097568511963
40,train,1.0311400890350342
40,train,1.0485750436782837
40,train,1.6656081676483154
40,train,0.7471526265144348
40,train,1.14921236038208
40,train,0.7615673542022705
40,train,0.8457696437835693
40,train,1.0844719409942627
40,train,0.8679305911064148
40,train,0.7641897797584534
40,train,0.9441792964935303
40,train,0.8043490052223206
40,train,1.0750081539154053
40,train,0.9177948236465454
40,train,0.8549498319625854
41,train,0.9073683023452759
41,train,0.8423311114311218
41,train,0.7598495483398438
41,train,1.0326331853866577
41,train,1.0339102745056152
41,train,0.9266415238380432
41,train,0.9899287819862366
41,train,0.983227014541626
41,train,1.3228336572647095
41,train,1.4184666872024536
41,train,0.7181704044342041
41,train,1.128948450088501
41,train,1.084521770477295
41,train,0.7272348999977112
41,train,1.0806665420532227
41,train,0.7595481276512146
41,train,1.1956104040145874
41,train,1.1471134424209595
41,train,0.7824515104293823
41,train,0.9354864358901978
42,train,0.7044905424118042
42,train,0.8488108515739441
42,train,0.779058575630188
42,train,1.1222935914993286
42,train,0.9548375606536865
42,train,0.6634942293167114
42,train,0.8169946074485779
42,train,1.14026939868927
42,train,1.0860421657562256
42,train,0.9049716591835022
42,train,0.9049150943756104
42,train,0.88860023021698
42,train,0.9827420115470886
42,train,1.0966823101043701
42,train,0.9534618258476257
42,train,0.6680996417999268
42,train,1.2029595375061035
42,train,0.7792326807975769
42,train,1.2867363691329956
42,train,1.035284399986267
43,train,1.1305121183395386
43,train,0.8664996027946472
43,train,0.6586076021194458
43,train,1.1885812282562256
43,train,1.0551669597625732
43,train,0.7814419269561768
43,train,0.7613756060600281
43,train,0.8874568343162537
43,train,0.8686960339546204
43,train,1.1840424537658691
43,train,0.9755262136459351
43,train,0.6583545207977295
43,train,0.872978925704956
43,train,0.7126028537750244
43,train,0.6967819929122925
43,train,0.9183976650238037
43,train,1.149783730506897
43,train,1.0890494585037231
43,train,1.152889370918274
43,train,0.7641485929489136
44,train,1.2839728593826294
44,train,0.8999017477035522
44,train,1.1089948415756226
44,train,0.8987664580345154
44,train,0.8289055824279785
44,train,0.6399195194244385
44,train,0.9163682460784912
44,train,0.9008001089096069
44,train,1.3397170305252075
44,train,0.6791526079177856
44,train,0.7546130418777466
44,train,0.7327058911323547
44,train,1.1570557355880737
44,train,0.9308974742889404
44,train,1.3007475137710571
44,train,0.7615171670913696
44,train,0.9900596141815186
44,train,0.7185716032981873
44,train,0.9010570645332336
44,train,1.0937405824661255
45,train,1.21256685256958
45,train,0.7903090119361877
45,train,0.7892069220542908
45,train,0.8278061747550964
45,train,0.7282270789146423
45,train,0.6959171295166016
45,train,0.9419230222702026
45,train,0.7621185183525085
45,train,0.6935274600982666
45,train,0.8604505658149719
45,train,0.9521144032478333
45,train,0.7128924131393433
45,train,0.7150132656097412
45,train,1.0245858430862427
45,train,0.7039772868156433
45,train,1.044581651687622
45,train,0.9478173851966858
45,train,0.8736708164215088
45,train,0.751692533493042
45,train,1.1092689037322998
46,train,0.7665717601776123
46,train,0.8135302662849426
46,train,1.1035598516464233
46,train,0.9086963534355164
46,train,0.69736248254776
46,train,1.134236216545105
46,train,0.9714359641075134
46,train,1.2113161087036133
46,train,0.9985935091972351
46,train,0.748995840549469
46,train,0.9588449001312256
46,train,0.8523740172386169
46,train,1.3391220569610596
46,train,1.0686616897583008
46,train,0.9663740396499634
46,train,0.8611264824867249
46,train,1.1559146642684937
46,train,0.8045881986618042
46,train,1.2145359516143799
46,train,0.9364838600158691
47,train,0.7986355423927307
47,train,0.9919555187225342
47,train,1.0309606790542603
47,train,0.8677615523338318
47,train,1.2783375978469849
47,train,0.961499810218811
47,train,0.818527340888977
47,train,0.7871791124343872
47,train,0.7359533905982971
47,train,0.8683951497077942
47,train,1.044722080230713
47,train,0.8885061740875244
47,train,0.947485625743866
47,train,0.9730309844017029
47,train,0.9391994476318359
47,train,0.8148081302642822
47,train,1.093848466873169
47,train,0.9333340525627136
47,train,0.8777174949645996
47,train,0.7009627223014832
48,train,0.8287718296051025
48,train,0.918113112449646
48,train,0.7594642639160156
48,train,0.7827030420303345
48,train,0.7195805311203003
48,train,1.029586911201477
48,train,0.9612389802932739
48,train,0.7339178323745728
48,train,0.7430700063705444
48,train,0.777539849281311
48,train,0.7570216059684753
48,train,0.780815601348877
48,train,1.0431066751480103
48,train,0.8153267502784729
48,train,0.8720486760139465
48,train,0.7255817651748657
48,train,0.6448164582252502
48,train,1.3291109800338745
48,train,0.7092688083648682
48,train,0.9947738647460938
49,train,1.2794045209884644
49,train,1.138441801071167
49,train,1.006131887435913
49,train,0.8499637246131897
49,train,0.6118815541267395
49,train,0.9138227105140686
49,train,0.7065976858139038
49,train,0.6781454086303711
49,train,0.9050739407539368
49,train,0.7960221171379089
49,train,0.6561529040336609
49,train,0.7456374168395996
49,train,0.8365275859832764
49,train,0.6924617290496826
49,train,1.2332409620285034
49,train,0.7692131400108337
49,train,1.0152226686477661
49,train,1.1321755647659302
49,train,0.8075628876686096
49,train,1.054162621498108
50,train,1.353794813156128
50,train,0.712974488735199
50,train,0.7089185118675232
50,train,0.7859348058700562
50,train,0.7132923007011414
50,train,1.3727591037750244
50,train,0.9911876916885376
50,train,0.8496025204658508
50,train,1.0359042882919312
50,train,0.731377899646759
50,train,0.9046696424484253
50,train,0.7177984118461609
50,train,0.8548781871795654
50,train,0.8372235298156738
50,train,1.2579554319381714
50,train,0.9399052858352661
50,train,0.7448955178260803
50,train,1.0137261152267456
50,train,0.7836182117462158
50,train,1.1573530435562134
51,train,1.0091410875320435
51,train,1.0777453184127808
51,train,0.7504175901412964
51,train,0.8369813561439514
51,train,0.9849309325218201
51,train,1.0091705322265625
51,train,0.7061724066734314
51,train,0.7427651882171631
51,train,1.141675591468811
51,train,1.1119296550750732
51,train,1.0824158191680908
51,train,0.8603517413139343
51,train,0.7085574865341187
51,train,0.910233199596405
51,train,1.051358699798584
51,train,0.8058207035064697
51,train,0.840653657913208
51,train,0.8156285881996155
51,train,0.7904495000839233
51,train,0.7583064436912537
52,train,1.200632929801941
52,train,1.0788350105285645
52,train,0.7803485989570618
52,train,0.7729068994522095
52,train,0.9048633575439453
52,train,0.8815511465072632
52,train,0.7653677463531494
52,train,0.9789769649505615
52,train,1.1611223220825195
52,train,1.0915045738220215
52,train,0.8183122873306274
52,train,0.7739536762237549
52,train,0.6494268774986267
52,train,0.8790373206138611
52,train,0.7505832314491272
52,train,0.7841913104057312
52,train,0.6591345071792603
52,train,0.6903591156005859
52,train,1.1384514570236206
52,train,0.9777795672416687
53,train,0.7569987773895264
53,train,0.8128058910369873
53,train,0.7950659394264221
53,train,0.6283558011054993
53,train,0.7381594777107239
53,train,0.9030801057815552
53,train,0.8040778636932373
53,train,0.6875625848770142
53,train,0.7227564454078674
53,train,0.7429187893867493
53,train,0.6975107789039612
53,train,1.058393120765686
53,train,1.0852528810501099
53,train,1.0092923641204834
53,train,0.8350115418434143
53,train,0.9568980932235718
53,train,0.6450284719467163
53,train,0.9586011171340942
53,train,0.8198903203010559
53,train,0.8799153566360474
54,train,0.7120459675788879
54,train,0.9093615412712097
54,train,0.7548701167106628
54,train,0.7747921943664551
54,train,0.7695512771606445
54,train,0.9263837933540344
54,train,0.7615648508071899
54,train,0.7898048758506775
54,train,0.8802919983863831
54,train,0.7548258900642395
54,train,0.7812402844429016
54,train,1.0344312191009521
54,train,0.9292443990707397
54,train,0.9553675651550293
54,train,0.7084402441978455
54,train,0.7264018654823303
54,train,0.7164258360862732
54,train,0.8337838053703308
54,train,0.5738227963447571
54,train,0.6978968977928162
55,train,1.0300469398498535
55,train,0.7044243216514587
55,train,1.2974785566329956
55,train,1.0008469820022583
55,train,0.9946408867835999
55,train,0.9932649731636047
55,train,0.9691743850708008
55,train,0.7408934831619263
55,train,0.6712911128997803
55,train,1.1369788646697998
55,train,1.0969915390014648
55,train,0.9620447158813477
55,train,0.7448745369911194
55,train,0.8133489489555359
55,train,0.669510543346405
55,train,1.0112031698226929
55,train,0.9195490479469299
55,train,0.8588463068008423
55,train,0.993256151676178
55,train,1.3757113218307495
56,train,0.7607842683792114
56,train,0.743617832660675
56,train,0.8081940412521362
56,train,0.7573652267456055
56,train,0.7295722365379333
56,train,0.7333498001098633
56,train,0.794603705406189
56,train,1.0149279832839966
56,train,0.6598221659660339
56,train,1.2844874858856201
56,train,0.8665392398834229
56,train,0.9621323943138123
56,train,0.8470668196678162
56,train,0.7367570996284485
56,train,0.7502397298812866
56,train,0.7468562722206116
56,train,0.92674320936203
56,train,0.9494540691375732
56,train,0.6807821393013
56,train,0.8481836915016174
57,train,0.9373360276222229
57,train,1.1359905004501343
57,train,0.7582056522369385
57,train,0.671805202960968
57,train,0.8003193736076355
57,train,0.8207050561904907
57,train,0.6952809691429138
57,train,0.7508266568183899
57,train,0.6978743672370911
57,train,0.5904864072799683
57,train,0.9738141894340515
57,train,0.674544095993042
57,train,1.0204267501831055
57,train,0.6275628209114075
57,train,1.0076539516448975
57,train,0.9718392491340637
57,train,1.116122841835022
57,train,0.7166426181793213
57,train,1.0860528945922852
57,train,0.9241219162940979
58,train,0.6439436078071594
58,train,1.1351604461669922
58,train,0.6495526432991028
58,train,0.7347697019577026
58,train,1.092692255973816
58,train,0.9183592200279236
58,train,0.717366099357605
58,train,0.666947066783905
58,train,0.7052249908447266
58,train,0.8368491530418396
58,train,1.0550991296768188
58,train,0.867999255657196
58,train,0.705474317073822
58,train,1.097920536994934
58,train,1.3049101829528809
58,train,0.8681249618530273
58,train,1.028479814529419
58,train,1.005556583404541
58,train,1.0366644859313965
58,train,1.440117359161377
59,train,0.8514376282691956
59,train,0.7504444718360901
59,train,0.8294240832328796
59,train,0.715888500213623
59,train,0.6857081651687622
59,train,1.1108578443527222
59,train,1.0136884450912476
59,train,0.7300066947937012
59,train,1.050229549407959
59,train,1.127785086631775
59,train,0.8666101098060608
59,train,1.0306569337844849
59,train,0.9295728802680969
59,train,1.0225932598114014
59,train,0.8019322156906128
59,train,1.2422939538955688
59,train,0.8698525428771973
59,train,0.9888922572135925
59,train,0.9354478120803833
59,train,0.8395106196403503
60,train,0.717689573764801
60,train,0.6714708805084229
60,train,0.9351109862327576
60,train,1.2038415670394897
60,train,1.032113790512085
60,train,0.6549104452133179
60,train,0.8521649241447449
60,train,0.9434075951576233
60,train,1.1261941194534302
60,train,0.692533016204834
60,train,1.0337858200073242
60,train,0.7441598176956177
60,train,0.8370892405509949
60,train,0.930274248123169
60,train,0.7434848546981812
60,train,0.983260989189148
60,train,0.8929322361946106
60,train,1.0591405630111694
60,train,0.8629750609397888
60,train,0.7236772179603577
61,train,0.9376780986785889
61,train,1.1496384143829346
61,train,0.7137859463691711
61,train,0.8972373604774475
61,train,0.8454205989837646
61,train,0.7153310179710388
61,train,0.6695242524147034
61,train,0.6795185804367065
61,train,0.7359347939491272
61,train,0.9504090547561646
61,train,0.8406354188919067
61,train,1.0742617845535278
61,train,0.7216628789901733
61,train,0.7791755199432373
61,train,0.9831768274307251
61,train,0.6289283633232117
61,train,0.9595258831977844
61,train,0.6766510009765625
61,train,0.789032518863678
61,train,0.7778642773628235
62,train,1.0123244524002075
62,train,0.8400012254714966
62,train,1.0492756366729736
62,train,1.1844042539596558
62,train,0.8711177110671997
62,train,1.0550148487091064
62,train,0.964130699634552
62,train,0.702415943145752
62,train,1.0653921365737915
62,train,0.944665789604187
62,train,1.0349804162979126
62,train,1.0030053853988647
62,train,0.6699178814888
62,train,0.6882708668708801
62,train,0.6645583510398865
62,train,0.938961923122406
62,train,0.98524010181427
62,train,0.8391319513320923
62,train,0.6834797859191895
62,train,0.6989546418190002
63,train,0.892198920249939
63,train,0.7439884543418884
63,train,1.0234737396240234
63,train,0.7343700528144836
63,train,0.9044626355171204
63,train,0.7435617446899414
63,train,0.9459046721458435
63,train,0.9180744886398315
63,train,0.9694243669509888
63,train,0.7206006050109863
63,train,0.7690955400466919
63,train,1.070472240447998
63,train,1.1458548307418823
63,train,0.8393864631652832
63,train,0.623157799243927
63,train,0.9934827089309692
63,train,0.9206647872924805
63,train,0.8304691910743713
63,train,0.6580102443695068
63,train,0.89162278175354
64,train,0.7590616941452026
64,train,0.693737804889679
64,train,0.6272380948066711
64,train,0.684799313545227
64,train,0.6937406659126282
64,train,0.8172047138214111
64,train,0.8284633159637451
64,train,0.6260190606117249
64,train,0.7989814281463623
64,train,0.9674651622772217
64,train,0.762015700340271
64,train,0.9367617964744568
64,train,1.1909332275390625
64,train,1.1773184537887573
64,train,0.659482479095459
64,train,0.6978968977928162
64,train,1.026065707206726
64,train,1.1683465242385864
64,train,0.6794004440307617
64,train,0.680916965007782
65,train,0.5868175625801086
65,train,0.8592129349708557
65,train,0.8659936189651489
65,train,0.7284649014472961
65,train,1.1125121116638184
65,train,0.6391100883483887
65,train,0.6099809408187866
65,train,1.1049394607543945
65,train,0.8728705048561096
65,train,0.8278129696846008
65,train,1.0909992456436157
65,train,1.1487689018249512
65,train,0.8703073859214783
65,train,0.84479820728302
65,train,1.0047180652618408
65,train,1.0433207750320435
65,train,1.0896903276443481
65,train,0.9478825330734253
65,train,0.7084237337112427
65,train,0.7858301997184753
66,train,0.9231870770454407
66,train,1.3545622825622559
66,train,1.2194287776947021
66,train,0.6946594715118408
66,train,0.7402809262275696
66,train,1.292843222618103
66,train,0.8214641809463501
66,train,0.8674812316894531
66,train,0.6964699625968933
66,train,0.7022873759269714
66,train,0.7309957146644592
66,train,0.9269534349441528
66,train,0.9456530213356018
66,train,0.7200638055801392
66,train,0.6762106418609619
66,train,0.9550614356994629
66,train,1.0634708404541016
66,train,0.7924484610557556
66,train,0.9781087636947632
66,train,1.2590856552124023
67,train,0.6652544140815735
67,train,0.9297294020652771
67,train,0.8507494926452637
67,train,1.1637799739837646
67,train,0.8092079162597656
67,train,0.941922664642334
67,train,1.4266871213912964
67,train,0.6679700016975403
67,train,0.7025704383850098
67,train,0.7561725378036499
67,train,0.6987030506134033
67,train,0.9858864545822144
67,train,0.8806440830230713
67,train,1.23605477809906
67,train,0.6687924861907959
67,train,0.6793436408042908
67,train,1.0596309900283813
67,train,0.9789280295372009
67,train,0.6454886794090271
67,train,0.6434497833251953
68,train,0.922701895236969
68,train,1.3307989835739136
68,train,0.8040650486946106
68,train,1.1252588033676147
68,train,0.6728569865226746
68,train,0.7048085927963257
68,train,0.6949471235275269
68,train,0.7416272759437561
68,train,0.6545600891113281
68,train,1.0262423753738403
68,train,0.9328245520591736
68,train,0.9258427619934082
68,train,0.6681868433952332
68,train,1.1232173442840576
68,train,0.863067626953125
68,train,0.8172928690910339
68,train,0.5851556658744812
68,train,0.7883151173591614
68,train,0.8332315683364868
68,train,0.7275882363319397
69,train,1.0641282796859741
69,train,0.6602665185928345
69,train,0.9490891695022583
69,train,0.8673198223114014
69,train,1.0291240215301514
69,train,1.0012757778167725
69,train,0.6970182657241821
69,train,0.700204610824585
69,train,0.6924667954444885
69,train,1.2760108709335327
69,train,0.6363564729690552
69,train,1.2029904127120972
69,train,0.8989367485046387
69,train,0.9970388412475586
69,train,0.689106822013855
69,train,0.8749964833259583
69,train,0.8401089906692505
69,train,1.2368905544281006
69,train,1.1695383787155151
69,train,0.776054322719574
70,train,0.7696547508239746
70,train,0.7071799635887146
70,train,1.0187448263168335
70,train,1.0790821313858032
70,train,1.1548627614974976
70,train,0.6587178111076355
70,train,1.1983468532562256
70,train,0.6674269437789917
70,train,0.8571777939796448
70,train,1.0647172927856445
70,train,1.360190510749817
70,train,0.8650771975517273
70,train,0.8629077672958374
70,train,0.7892354726791382
70,train,0.7147529125213623
70,train,0.8800010085105896
70,train,0.5896148681640625
70,train,1.2403315305709839
70,train,0.8381640315055847
70,train,0.8241130113601685
71,train,0.8498943448066711
71,train,0.7086688876152039
71,train,0.7942937016487122
71,train,1.14789617061615
71,train,0.7351568341255188
71,train,0.6986875534057617
71,train,0.6957988739013672
71,train,0.9221073389053345
71,train,0.8134973049163818
71,train,1.1104731559753418
71,train,0.9289421439170837
71,train,0.9295761585235596
71,train,0.98366379737854
71,train,0.7763040661811829
71,train,0.6743519902229309
71,train,1.1559557914733887
71,train,0.8620576858520508
71,train,0.7989833950996399
71,train,0.710265040397644
71,train,0.92769455909729
72,train,0.9226227402687073
72,train,0.9086164832115173
72,train,0.6792020201683044
72,train,1.1625643968582153
72,train,1.2830708026885986
72,train,1.249265432357788
72,train,0.780456006526947
72,train,0.9982815384864807
72,train,0.7344212532043457
72,train,0.8261196613311768
72,train,1.1559358835220337
72,train,0.8403903245925903
72,train,0.6253777742385864
72,train,0.7659305930137634
72,train,0.5891485214233398
72,train,0.7127443552017212
72,train,0.7853014469146729
72,train,0.8506836295127869
72,train,0.6610889434814453
72,train,1.1283780336380005
73,train,0.7966842651367188
73,train,0.786688506603241
73,train,0.8230291604995728
73,train,1.0041217803955078
73,train,0.8921323418617249
73,train,0.8658289909362793
73,train,0.8228074312210083
73,train,0.925054132938385
73,train,1.5818411111831665
73,train,1.0252176523208618
73,train,1.0696499347686768
73,train,0.9650424718856812
73,train,0.6307973861694336
73,train,0.7098218202590942
73,train,0.7459287047386169
73,train,0.689710795879364
73,train,1.0072495937347412
73,train,0.6360794305801392
73,train,0.9109582901000977
73,train,0.635357141494751
74,train,0.7450174689292908
74,train,0.7486362457275391
74,train,0.8382437229156494
74,train,0.6881826519966125
74,train,0.6604217886924744
74,train,0.6583676934242249
74,train,0.7266443371772766
74,train,1.0608943700790405
74,train,0.8490877747535706
74,train,0.6224088072776794
74,train,0.7988131642341614
74,train,0.8704653978347778
74,train,0.9493753910064697
74,train,0.8464680910110474
74,train,0.7558924555778503
74,train,0.9771715402603149
74,train,0.9860249161720276
74,train,0.7687448263168335
74,train,0.8535504341125488
74,train,1.0820168256759644
75,train,1.2688204050064087
75,train,0.7100803852081299
75,train,1.0590012073516846
75,train,0.8588738441467285
75,train,0.697646975517273
75,train,0.6404964327812195
75,train,0.6436602473258972
75,train,0.8932325839996338
75,train,1.0550315380096436
75,train,0.7690326571464539
75,train,0.9128128290176392
75,train,0.7605239748954773
75,train,1.0936840772628784
75,train,0.6370697021484375
75,train,1.2338476181030273
75,train,0.7799452543258667
75,train,0.882993757724762
75,train,0.7549751996994019
75,train,0.685362696647644
75,train,0.9587424397468567
76,train,0.7704789638519287
76,train,0.9161480665206909
76,train,1.0920926332473755
76,train,0.7213985919952393
76,train,0.7280951738357544
76,train,0.9032276272773743
76,train,0.7023438215255737
76,train,0.6091076731681824
76,train,1.5079329013824463
76,train,0.8601559400558472
76,train,0.8519052863121033
76,train,0.6883552074432373
76,train,0.6282625198364258
76,train,0.8634513020515442
76,train,0.6922944784164429
76,train,0.6583879590034485
76,train,0.7274391651153564
76,train,0.854674220085144
76,train,0.8401511907577515
76,train,0.6912428140640259
77,train,0.8899844884872437
77,train,0.7927590608596802
77,train,0.7609562873840332
77,train,0.6677476167678833
77,train,0.6684044599533081
77,train,0.8563430905342102
77,train,0.7073759436607361
77,train,0.9508302211761475
77,train,0.7157889604568481
77,train,0.7354535460472107
77,train,0.7414900660514832
77,train,0.8234111666679382
77,train,0.6511763334274292
77,train,0.9372084140777588
77,train,1.1176387071609497
77,train,0.983629047870636
77,train,1.0638724565505981
77,train,0.7216809988021851
77,train,0.700290322303772
77,train,0.6453081965446472
78,train,0.5765606164932251
78,train,0.6867921948432922
78,train,0.8587234616279602
78,train,0.8553213477134705
78,train,1.0448085069656372
78,train,0.7306700944900513
78,train,0.711556613445282
78,train,0.7772658467292786
78,train,1.2162877321243286
78,train,0.8303995728492737
78,train,0.9029883742332458
78,train,0.7495263814926147
78,train,0.612349271774292
78,train,0.9662397503852844
78,train,0.8355015516281128
78,train,0.7420480847358704
78,train,1.151571273803711
78,train,0.7218548059463501
78,train,0.9115209579467773
78,train,0.7285963892936707
79,train,0.6140747666358948
79,train,0.6505286693572998
79,train,0.6158509254455566
79,train,0.7517789006233215
79,train,0.8764085173606873
79,train,1.1208981275558472
79,train,0.6976273059844971
79,train,0.7938816547393799
79,train,0.7345232367515564
79,train,1.0349572896957397
79,train,0.9247615933418274
79,train,0.8837223649024963
79,train,0.7128428816795349
79,train,0.8920114636421204
79,train,0.9347763061523438
79,train,0.6480424404144287
79,train,0.901802122592926
79,train,0.8850811123847961
79,train,0.6800346970558167
79,train,0.965930163860321
80,train,0.7153089642524719
80,train,0.7399640679359436
80,train,0.8114831447601318
80,train,0.6919330358505249
80,train,0.8719623684883118
80,train,0.8147666454315186
80,train,0.7704576849937439
80,train,1.0000178813934326
80,train,0.6617462635040283
80,train,0.9229233264923096
80,train,0.9321120381355286
80,train,1.0372941493988037
80,train,0.8858436942100525
80,train,0.9670799374580383
80,train,0.6101676225662231
80,train,0.637567937374115
80,train,1.0011922121047974
80,train,0.795201301574707
80,train,0.6445558667182922
80,train,0.7252742052078247
81,train,1.0969691276550293
81,train,0.7925984859466553
81,train,0.7873997092247009
81,train,0.6625049710273743
81,train,0.7145283818244934
81,train,0.9861458539962769
81,train,0.6060125231742859
81,train,0.7203626036643982
81,train,1.0859369039535522
81,train,0.7745808362960815
81,train,0.9896411299705505
81,train,0.8390759229660034
81,train,0.7065308690071106
81,train,0.6312121152877808
81,train,0.7139738202095032
81,train,0.842840313911438
81,train,0.8021725416183472
81,train,1.0127593278884888
81,train,0.8662834167480469
81,train,0.6865301132202148
82,train,0.921171247959137
82,train,0.6704010367393494
82,train,0.8054398894309998
82,train,0.5921974778175354
82,train,0.908137321472168
82,train,1.0540250539779663
82,train,0.8003573417663574
82,train,1.1583197116851807
82,train,0.9363278746604919
82,train,0.8918144106864929
82,train,0.6773941516876221
82,train,0.7832559943199158
82,train,1.0764436721801758
82,train,0.9172402024269104
82,train,0.7143833041191101
82,train,0.6808733940124512
82,train,0.6897003650665283
82,train,0.980144739151001
82,train,0.6746480464935303
82,train,1.0451792478561401
83,train,0.8468913435935974
83,train,1.0862138271331787
83,train,1.4585868120193481
83,train,0.850152313709259
83,train,1.0870212316513062
83,train,1.5265918970108032
83,train,0.873798668384552
83,train,0.6662382483482361
83,train,1.012503981590271
83,train,1.153250813484192
83,train,0.9069164395332336
83,train,0.7572073340415955
83,train,1.001706600189209
83,train,0.711507260799408
83,train,0.9273996353149414
83,train,0.9559022784233093
83,train,0.7473641633987427
83,train,0.6054015159606934
83,train,0.6773148775100708
83,train,0.6336205005645752
84,train,0.7180836796760559
84,train,0.751870334148407
84,train,0.8754074573516846
84,train,0.7121016979217529
84,train,0.9217431545257568
84,train,0.9930355548858643
84,train,0.7086049914360046
84,train,0.7429249882698059
84,train,0.9769893884658813
84,train,0.6899237036705017
84,train,1.2124621868133545
84,train,0.7002564072608948
84,train,0.9346164464950562
84,train,0.6814392805099487
84,train,0.7197244763374329
84,train,0.9548991322517395
84,train,0.8271758556365967
84,train,0.6363112926483154
84,train,1.0810350179672241
84,train,1.1677560806274414
85,train,0.598491370677948
85,train,0.9385549426078796
85,train,1.0107357501983643
85,train,0.7931214570999146
85,train,0.6355429291725159
85,train,0.8486183881759644
85,train,1.1757453680038452
85,train,0.9019172191619873
85,train,0.7280930876731873
85,train,0.6837946772575378
85,train,0.6333185434341431
85,train,0.8780996799468994
85,train,0.7479373216629028
85,train,1.1889255046844482
85,train,0.8060488700866699
85,train,0.8063450455665588
85,train,0.9126931428909302
85,train,0.799726128578186
85,train,0.5673948526382446
85,train,0.7552081346511841
86,train,0.74835205078125
86,train,0.7762306332588196
86,train,1.0951974391937256
86,train,0.8966977000236511
86,train,1.180088996887207
86,train,0.5948956608772278
86,train,0.6475867033004761
86,train,0.8018766641616821
86,train,0.8266422748565674
86,train,0.7493765354156494
86,train,0.8882845640182495
86,train,0.6896739602088928
86,train,0.6741515398025513
86,train,0.7268478870391846
86,train,1.0348024368286133
86,train,0.6577788591384888
86,train,0.6294655799865723
86,train,0.8971720337867737
86,train,0.8695705533027649
86,train,1.053499698638916
87,train,0.7486496567726135
87,train,0.8952061533927917
87,train,0.7426052093505859
87,train,0.8570548295974731
87,train,0.6528040766716003
87,train,0.7826143503189087
87,train,0.6701793670654297
87,train,0.8895351886749268
87,train,0.8190813064575195
87,train,0.9606701135635376
87,train,0.6790946125984192
87,train,0.6661937832832336
87,train,0.7545153498649597
87,train,0.7000704407691956
87,train,0.8780952095985413
87,train,0.6099299192428589
87,train,0.6787008047103882
87,train,0.8132399916648865
87,train,0.980347752571106
87,train,0.5667908787727356
88,train,0.8689561486244202
88,train,1.0994138717651367
88,train,0.7805989384651184
88,train,1.0273922681808472
88,train,0.8489995002746582
88,train,1.0682079792022705
88,train,0.8859911561012268
88,train,1.0831434726715088
88,train,0.962677538394928
88,train,0.707440197467804
88,train,0.8905129432678223
88,train,0.8172844648361206
88,train,1.0695074796676636
88,train,0.9753588438034058
88,train,0.9713436961174011
88,train,0.6513659358024597
88,train,0.9306869506835938
88,train,0.6687646508216858
88,train,1.2198716402053833
88,train,0.6463201642036438
89,train,1.019437313079834
89,train,0.7132177352905273
89,train,0.7679957151412964
89,train,0.989523708820343
89,train,0.7228719592094421
89,train,0.6219586133956909
89,train,0.762304961681366
89,train,0.6379097700119019
89,train,0.6980705261230469
89,train,1.0132524967193604
89,train,0.903292715549469
89,train,0.7083104252815247
89,train,0.6537786722183228
89,train,0.7674886584281921
89,train,1.0395056009292603
89,train,0.8302104473114014
89,train,0.656764030456543
89,train,0.9924209713935852
89,train,0.6858227849006653
89,train,1.0615891218185425
90,train,0.8507527112960815
90,train,0.9035009741783142
90,train,0.6987105011940002
90,train,0.6603881120681763
90,train,0.8350598812103271
90,train,0.7962427735328674
90,train,0.661811113357544
90,train,0.6459218263626099
90,train,0.839215874671936
90,train,0.6880724430084229
90,train,0.7433985471725464
90,train,0.7860389947891235
90,train,0.9109731316566467
90,train,1.037617564201355
90,train,0.8420718908309937
90,train,0.6816220283508301
90,train,0.8911349177360535
90,train,0.7214490175247192
90,train,1.1156506538391113
90,train,0.6231120228767395
91,train,0.8285796046257019
91,train,0.9080556035041809
91,train,0.6881774663925171
91,train,1.0392462015151978
91,train,0.9572933912277222
91,train,0.731028139591217
91,train,0.7251894474029541
91,train,0.7671743035316467
91,train,0.6707417964935303
91,train,0.8549413681030273
91,train,0.9699976444244385
91,train,1.0436354875564575
91,train,0.6738438010215759
91,train,0.9232922196388245
91,train,0.7131561040878296
91,train,0.7716777920722961
91,train,0.7084755897521973
91,train,0.6293933987617493
91,train,0.779990553855896
91,train,1.1288633346557617
92,train,1.0457338094711304
92,train,0.7158315777778625
92,train,0.797386646270752
92,train,0.8049311637878418
92,train,0.9836736917495728
92,train,0.8080639839172363
92,train,0.6975283622741699
92,train,0.8846912980079651
92,train,0.6622450947761536
92,train,0.967179000377655
92,train,1.0982788801193237
92,train,0.86302250623703
92,train,0.8157569766044617
92,train,0.611814558506012
92,train,1.3143624067306519
92,train,0.6248188614845276
92,train,0.9216079115867615
92,train,0.6495304703712463
92,train,1.490869402885437
92,train,0.7119837999343872
93,train,0.6504202485084534
93,train,0.6427001953125
93,train,0.8168210387229919
93,train,0.6340259313583374
93,train,1.039665699005127
93,train,0.9272891879081726
93,train,0.7069886326789856
93,train,0.9529430270195007
93,train,0.6453289985656738
93,train,0.6825432777404785
93,train,0.7471535801887512
93,train,0.750635027885437
93,train,0.6683634519577026
93,train,1.0904711484909058
93,train,1.0226746797561646
93,train,0.987747073173523
93,train,0.8288715481758118
93,train,1.0684150457382202
93,train,0.8910701870918274
93,train,1.370941162109375
94,train,0.7340529561042786
94,train,0.640649676322937
94,train,0.7657073736190796
94,train,0.6249273419380188
94,train,0.8336700797080994
94,train,0.9040287137031555
94,train,1.0694642066955566
94,train,1.3408607244491577
94,train,1.1693953275680542
94,train,0.6536960005760193
94,train,0.6717073917388916
94,train,0.9191461801528931
94,train,0.9412809014320374
94,train,0.7438560724258423
94,train,0.8705055713653564
94,train,0.9750427603721619
94,train,0.7768241167068481
94,train,0.8186725974082947
94,train,0.7274093627929688
94,train,0.7457705140113831
95,train,0.884403645992279
95,train,0.8472755551338196
95,train,1.0685664415359497
95,train,0.978164792060852
95,train,0.7607625722885132
95,train,0.8715739250183105
95,train,1.058486819267273
95,train,0.6988332867622375
95,train,0.7452135682106018
95,train,0.9182422757148743
95,train,0.7225787043571472
95,train,0.762739896774292
95,train,1.1672106981277466
95,train,0.668872594833374
95,train,0.6160873770713806
95,train,0.9120851159095764
95,train,1.013458251953125
95,train,0.7693111896514893
95,train,0.6215575337409973
95,train,0.6816318035125732
96,train,0.952283501625061
96,train,0.6198114156723022
96,train,0.9017793536186218
96,train,0.692293643951416
96,train,0.7952011227607727
96,train,0.6763660311698914
96,train,0.6980798244476318
96,train,0.8623440265655518
96,train,0.8024688959121704
96,train,0.7939279675483704
96,train,0.8338881731033325
96,train,0.7048887014389038
96,train,0.9121331572532654
96,train,0.8426563739776611
96,train,0.6375752091407776
96,train,0.9076067209243774
96,train,0.7443070411682129
96,train,0.895843505859375
96,train,0.9603415727615356
96,train,0.7464489936828613
97,train,0.6801453828811646
97,train,0.707128643989563
97,train,0.628477156162262
97,train,0.5933491587638855
97,train,0.6007710099220276
97,train,0.7906898856163025
97,train,0.9787768125534058
97,train,0.8258963227272034
97,train,0.9351354241371155
97,train,1.033799171447754
97,train,0.6210813522338867
97,train,0.5639310479164124
97,train,0.7190284132957458
97,train,0.9618051052093506
97,train,0.7980150580406189
97,train,0.9360594749450684
97,train,1.0449368953704834
97,train,0.6956079602241516
97,train,0.717911422252655
97,train,0.7716016173362732
98,train,0.8495563268661499
98,train,0.8938173651695251
98,train,0.7916140556335449
98,train,1.0506789684295654
98,train,0.6703997850418091
98,train,0.904032289981842
98,train,0.6675772070884705
98,train,0.5928907990455627
98,train,0.7179556488990784
98,train,0.8664016723632812
98,train,0.678970217704773
98,train,1.0055238008499146
98,train,0.7923161387443542
98,train,1.349392056465149
98,train,0.708455502986908
98,train,1.0052943229675293
98,train,0.7509578466415405
98,train,0.8533393144607544
98,train,0.8518765568733215
98,train,0.7609459161758423
99,train,0.7429035902023315
99,train,0.7162624001502991
99,train,0.6964773535728455
99,train,0.9638502597808838
99,train,0.6088221669197083
99,train,1.1830682754516602
99,train,1.0069166421890259
99,train,0.6799017190933228
99,train,0.6644176840782166
99,train,0.6382082104682922
99,train,1.1080960035324097
99,train,0.9972254037857056
99,train,0.679389476776123
99,train,0.803956151008606
99,train,0.7293108701705933
99,train,0.951595664024353
99,train,0.8484724760055542
99,train,0.7323656678199768
99,train,0.6924986243247986
99,train,0.816243588924408
100,train,0.7409709095954895
100,train,0.8462033271789551
100,train,0.6588254570960999
100,train,0.694084644317627
100,train,1.142143726348877
100,train,0.9535084366798401
100,train,0.6106554865837097
100,train,0.8703483939170837
100,train,0.9406420588493347
100,train,0.9622485041618347
100,train,0.9912145733833313
100,train,1.1097086668014526
100,train,0.8800522089004517
100,train,0.988354504108429
100,train,0.9595159888267517
100,train,0.6556767821311951
100,train,0.6930945515632629
100,train,0.7434672713279724
100,train,0.7440736889839172
100,train,0.7336627244949341
101,train,0.7012760043144226
101,train,0.8555293679237366
101,train,0.6321663856506348
101,train,1.08600652217865
101,train,0.6310699582099915
101,train,0.6756824851036072
101,train,0.8248673677444458
101,train,0.7012091875076294
101,train,0.8353055119514465
101,train,0.9966276288032532
101,train,0.9298850893974304
101,train,0.6493940949440002
101,train,0.6253410577774048
101,train,0.7930060029029846
101,train,0.9405684471130371
101,train,0.8113980293273926
101,train,0.6239383220672607
101,train,0.7841036915779114
101,train,0.984931468963623
101,train,0.6663429737091064
102,train,0.6568573713302612
102,train,0.6560483574867249
102,train,0.6539028882980347
102,train,0.6679183840751648
102,train,0.6859708428382874
102,train,0.7102954387664795
102,train,0.6098012924194336
102,train,0.966659426689148
102,train,0.8728203773498535
102,train,0.6825310587882996
102,train,1.1865283250808716
102,train,0.9819129109382629
102,train,0.749306857585907
102,train,0.7470573782920837
102,train,0.9283154010772705
102,train,1.0862150192260742
102,train,0.9374235272407532
102,train,0.8092726469039917
102,train,0.7511444687843323
102,train,0.8118647933006287
103,train,1.0366308689117432
103,train,0.9354011416435242
103,train,0.6230527758598328
103,train,0.7070139646530151
103,train,0.6855567693710327
103,train,0.6417042016983032
103,train,0.7326585650444031
103,train,0.7012503743171692
103,train,1.1085638999938965
103,train,0.6596239805221558
103,train,0.8746233582496643
103,train,1.0677697658538818
103,train,0.8428971767425537
103,train,0.6991972327232361
103,train,0.7560659050941467
103,train,0.5800812840461731
103,train,0.6827212572097778
103,train,0.9302861094474792
103,train,0.7506183385848999
103,train,0.5805148482322693
104,train,1.0641525983810425
104,train,0.8738843202590942
104,train,1.1672539710998535
104,train,1.1429903507232666
104,train,0.8674942851066589
104,train,0.676433265209198
104,train,1.0825010538101196
104,train,0.6845783591270447
104,train,0.7071292996406555
104,train,0.8582460880279541
104,train,0.7526696920394897
104,train,0.860149621963501
104,train,0.8804208636283875
104,train,0.6155222058296204
104,train,0.557898998260498
104,train,0.8024126291275024
104,train,0.650328516960144
104,train,0.6393778920173645
104,train,0.8301436305046082
104,train,0.7257603406906128
105,train,0.9718332886695862
105,train,1.2031538486480713
105,train,1.0433592796325684
105,train,0.9217284917831421
105,train,0.6173079609870911
105,train,0.625887930393219
105,train,0.7618439197540283
105,train,0.8502175807952881
105,train,0.6285213828086853
105,train,1.1215790510177612
105,train,1.0975563526153564
105,train,0.6155741810798645
105,train,0.6363338828086853
105,train,0.5673089623451233
105,train,0.6917887330055237
105,train,0.5967926979064941
105,train,0.8580198884010315
105,train,0.6632692813873291
105,train,0.640225350856781
105,train,0.8756256103515625
106,train,1.0572429895401
106,train,0.9073928594589233
106,train,0.6055482029914856
106,train,0.7144654989242554
106,train,0.8004112243652344
106,train,0.710635781288147
106,train,0.7635613679885864
106,train,0.9912450313568115
106,train,0.9107769727706909
106,train,0.8664862513542175
106,train,0.7783798575401306
106,train,0.6482295989990234
106,train,0.6359850764274597
106,train,0.9099950790405273
106,train,0.8611910343170166
106,train,1.0209497213363647
106,train,0.9020240306854248
106,train,0.6803966164588928
106,train,0.7407588958740234
106,train,0.9625436663627625
107,train,1.1378209590911865
107,train,0.8065463900566101
107,train,0.8800230026245117
107,train,0.8448892831802368
107,train,0.6961068511009216
107,train,1.0057036876678467
107,train,0.6441478133201599
107,train,0.8534018993377686
107,train,0.8320304751396179
107,train,0.8378087282180786
107,train,0.8611377477645874
107,train,1.0101240873336792
107,train,0.6520249247550964
107,train,1.4900249242782593
107,train,0.656222939491272
107,train,1.110813021659851
107,train,0.7923533916473389
107,train,0.6715179681777954
107,train,0.6723527908325195
107,train,0.675761342048645
108,train,0.6966660022735596
108,train,0.7505965232849121
108,train,0.741597592830658
108,train,0.959707498550415
108,train,0.8841497302055359
108,train,0.7736882567405701
108,train,0.9902791976928711
108,train,0.5787666440010071
108,train,1.1146049499511719
108,train,1.31782865524292
108,train,1.0824203491210938
108,train,0.6985676884651184
108,train,0.6907074451446533
108,train,0.786900520324707
108,train,0.9554247260093689
108,train,0.9294161796569824
108,train,0.8173547983169556
108,train,0.9763401746749878
108,train,0.8285485506057739
108,train,0.7210730314254761
109,train,0.6126194596290588
109,train,1.0340532064437866
109,train,0.7060479521751404
109,train,0.7152004241943359
109,train,0.8324114680290222
109,train,0.6212274432182312
109,train,0.8566344380378723
109,train,0.9668382406234741
109,train,1.0691629648208618
109,train,0.8792903423309326
109,train,0.8884316086769104
109,train,0.7351638078689575
109,train,0.7617723941802979
109,train,0.6873723864555359
109,train,0.7540122270584106
109,train,0.6928032636642456
109,train,0.6897795796394348
109,train,1.0162239074707031
109,train,0.6248921751976013
109,train,1.027182698249817
110,train,0.7838084101676941
110,train,0.8708500266075134
110,train,0.68961101770401
110,train,0.6677754521369934
110,train,0.6127888560295105
110,train,0.7523000836372375
110,train,0.8883192539215088
110,train,0.7713672518730164
110,train,0.6547201871871948
110,train,0.6692351698875427
110,train,0.6817426085472107
110,train,1.0266963243484497
110,train,0.6811323165893555
110,train,0.7349321246147156
110,train,0.918077826499939
110,train,0.8772164583206177
110,train,0.6016078591346741
110,train,0.6937838196754456
110,train,0.6905924677848816
110,train,0.6121329069137573
111,train,0.79779452085495
111,train,1.0301369428634644
111,train,0.5972221493721008
111,train,0.8532530069351196
111,train,0.9561560153961182
111,train,0.7348001599311829
111,train,0.8220139145851135
111,train,0.6570048928260803
111,train,0.8426619172096252
111,train,0.7219270467758179
111,train,0.6601971387863159
111,train,0.781929612159729
111,train,0.8242815136909485
111,train,1.1680843830108643
111,train,0.6748171448707581
111,train,0.998924195766449
111,train,0.671566367149353
111,train,1.038697600364685
111,train,1.0472068786621094
111,train,0.773233950138092
112,train,0.8638955354690552
112,train,0.6344788074493408
112,train,0.9340305328369141
112,train,0.9711045026779175
112,train,0.6722078323364258
112,train,0.7904831767082214
112,train,0.9502671957015991
112,train,0.6375795602798462
112,train,0.8015941381454468
112,train,0.9267563223838806
112,train,1.0850145816802979
112,train,0.6971774101257324
112,train,0.6824524998664856
112,train,0.6869581937789917
112,train,0.6151143312454224
112,train,0.7931427955627441
112,train,0.9540414810180664
112,train,0.7779321074485779
112,train,0.8162943124771118
112,train,0.8118517398834229
113,train,0.7499980330467224
113,train,0.7640079855918884
113,train,0.7002701759338379
113,train,0.6676703691482544
113,train,0.592499315738678
113,train,0.7232910394668579
113,train,1.034449815750122
113,train,0.7933652997016907
113,train,0.6319677829742432
113,train,0.5416939854621887
113,train,0.8326588273048401
113,train,0.6407919526100159
113,train,0.6265419721603394
113,train,0.8124207258224487
113,train,0.8601354360580444
113,train,0.8422513604164124
113,train,1.0095462799072266
113,train,0.743346631526947
113,train,0.8473984599113464
113,train,0.8550027012825012
114,train,0.8185896873474121
114,train,0.6957037448883057
114,train,0.9014859199523926
114,train,0.6723803281784058
114,train,0.7107325792312622
114,train,0.9905617833137512
114,train,0.64455246925354
114,train,0.8355638384819031
114,train,0.6518304944038391
114,train,0.6137930154800415
114,train,0.8566073775291443
114,train,0.5844001173973083
114,train,0.7149338722229004
114,train,0.9305620789527893
114,train,0.6786953806877136
114,train,0.618373453617096
114,train,0.7273144721984863
114,train,0.6786313652992249
114,train,0.6679410338401794
114,train,0.6510589122772217
115,train,0.8390324711799622
115,train,1.025047779083252
115,train,0.9506546258926392
115,train,0.7060353755950928
115,train,0.9396737217903137
115,train,0.7159299254417419
115,train,0.6745126247406006
115,train,0.9957739114761353
115,train,0.7037659883499146
115,train,1.064025640487671
115,train,0.9711246490478516
115,train,0.9700310230255127
115,train,0.8944215774536133
115,train,0.6602003574371338
115,train,0.7415204048156738
115,train,0.8331646919250488
115,train,1.0740633010864258
115,train,0.6516909003257751
115,train,0.8520866632461548
115,train,0.9453164935112
116,train,0.7272628545761108
116,train,0.9677144885063171
116,train,0.6924050450325012
116,train,0.9590035676956177
116,train,0.761979341506958
116,train,0.6884962916374207
116,train,0.6030136942863464
116,train,0.646766722202301
116,train,0.9051687121391296
116,train,0.8914891481399536
116,train,0.8243193030357361
116,train,1.013146996498108
116,train,0.6097950339317322
116,train,0.7661194205284119
116,train,0.7135874629020691
116,train,0.8737504482269287
116,train,0.9036962985992432
116,train,0.6733184456825256
116,train,0.9615633487701416
116,train,0.6431962251663208
117,train,0.6437272429466248
117,train,0.9207639098167419
117,train,0.6941419839859009
117,train,0.8395627737045288
117,train,0.8942006826400757
117,train,0.9690936207771301
117,train,0.5926019549369812
117,train,0.7781102061271667
117,train,1.0023212432861328
117,train,0.6257776021957397
117,train,1.0105555057525635
117,train,0.9402023553848267
117,train,0.792020857334137
117,train,0.9338212013244629
117,train,0.8142195343971252
117,train,0.6511488556861877
117,train,0.7121158838272095
117,train,0.5976142287254333
117,train,0.9946852326393127
117,train,0.8476399183273315
118,train,0.8606471419334412
118,train,0.7775130271911621
118,train,0.6150986552238464
118,train,0.8072707653045654
118,train,0.936578631401062
118,train,1.0664416551589966
118,train,0.8716469407081604
118,train,0.6173650026321411
118,train,0.571907639503479
118,train,0.9135995507240295
118,train,0.6003153324127197
118,train,0.856887698173523
118,train,0.6158401370048523
118,train,1.0488542318344116
118,train,0.9799933433532715
118,train,0.9339177012443542
118,train,0.6139916777610779
118,train,1.093948483467102
118,train,0.8443549275398254
118,train,0.626532793045044
119,train,1.0142745971679688
119,train,1.129034161567688
119,train,0.8229130506515503
119,train,0.9380740523338318
119,train,0.9007640480995178
119,train,0.7488588690757751
119,train,1.0549261569976807
119,train,0.8376624584197998
119,train,0.767105221748352
119,train,0.6327098608016968
119,train,0.8709247708320618
119,train,0.7667338252067566
119,train,0.6715747117996216
119,train,0.9265167117118835
119,train,1.1054096221923828
119,train,0.6621068716049194
119,train,0.7820528745651245
119,train,0.895577609539032
119,train,0.6772686243057251
119,train,0.7370619773864746
120,train,0.6449840664863586
120,train,1.045599341392517
120,train,0.8567429184913635
120,train,0.776237964630127
120,train,0.6779329180717468
120,train,0.9167291522026062
120,train,0.664458155632019
120,train,0.6599305868148804
120,train,0.8926341533660889
120,train,0.8522142171859741
120,train,0.7276751399040222
120,train,0.763236403465271
120,train,0.8413969874382019
120,train,0.6958326101303101
120,train,0.9518604874610901
120,train,0.6927369236946106
120,train,0.6217553615570068
120,train,0.9072592854499817
120,train,0.7501003742218018
120,train,0.650343120098114
121,train,0.6192138195037842
121,train,0.7968533039093018
121,train,0.67275470495224
121,train,0.6246551871299744
121,train,0.6073167324066162
121,train,0.611237108707428
121,train,0.8434112668037415
121,train,0.7616443634033203
121,train,1.014473795890808
121,train,0.8674268126487732
121,train,0.6439836621284485
121,train,0.6442873477935791
121,train,0.8087032437324524
121,train,0.962731122970581
121,train,0.7341774106025696
121,train,0.8761917352676392
121,train,0.6555007696151733
121,train,0.7050331830978394
121,train,0.6151237487792969
121,train,0.6511476039886475
122,train,0.7646158337593079
122,train,0.9472726583480835
122,train,0.6763097643852234
122,train,0.6431719660758972
122,train,0.8714145421981812
122,train,0.6402535438537598
122,train,0.6461456418037415
122,train,0.6464837193489075
122,train,0.6337342858314514
122,train,0.6090193390846252
122,train,0.7191572189331055
122,train,0.6251679062843323
122,train,0.5687810182571411
122,train,0.9390758275985718
122,train,0.699661374092102
122,train,0.9909143447875977
122,train,0.8993384838104248
122,train,0.7007750272750854
122,train,0.9255741238594055
122,train,0.7776086926460266
123,train,0.6355632543563843
123,train,0.7301456928253174
123,train,0.7022989988327026
123,train,0.6370706558227539
123,train,0.8058333396911621
123,train,0.7144721746444702
123,train,1.206496000289917
123,train,1.033006191253662
123,train,0.9994893670082092
123,train,0.632874608039856
123,train,0.8181070685386658
123,train,0.9636520147323608
123,train,1.2042301893234253
123,train,0.8231187462806702
123,train,0.6040005087852478
123,train,0.6478233933448792
123,train,0.8436468243598938
123,train,0.6621494293212891
123,train,0.8695440292358398
123,train,0.75997394323349
124,train,0.8912687301635742
124,train,0.7936425805091858
124,train,0.8787418007850647
124,train,0.732889711856842
124,train,0.6343886852264404
124,train,0.706010103225708
124,train,0.6310054659843445
124,train,0.7312148809432983
124,train,0.715600848197937
124,train,0.8880376219749451
124,train,0.7559144496917725
124,train,0.839174211025238
124,train,0.7186925411224365
124,train,0.6589351892471313
124,train,0.7182303071022034
124,train,0.8244155645370483
124,train,0.9339514374732971
124,train,0.7306520342826843
124,train,0.68943190574646
124,train,0.6007294654846191
125,train,0.7805642485618591
125,train,0.9543496370315552
125,train,0.910260796546936
125,train,0.6723946928977966
125,train,0.6796590685844421
125,train,0.8357890844345093
125,train,0.5888885855674744
125,train,0.971744954586029
125,train,0.758406400680542
125,train,0.6122270822525024
125,train,0.6607720851898193
125,train,0.713487982749939
125,train,0.9510219097137451
125,train,0.8409057855606079
125,train,0.6568270325660706
125,train,0.7494996190071106
125,train,0.7796883583068848
125,train,0.8362668752670288
125,train,0.8324831128120422
125,train,0.6999821662902832
126,train,0.6762636303901672
126,train,0.9253813624382019
126,train,0.9928484559059143
126,train,1.0785847902297974
126,train,0.9096090197563171
126,train,1.1651355028152466
126,train,0.7835681438446045
126,train,0.7295297980308533
126,train,0.7228608727455139
126,train,0.6842223405838013
126,train,0.6562800407409668
126,train,1.002478837966919
126,train,0.5778317451477051
126,train,0.719141960144043
126,train,0.9372468590736389
126,train,0.6183434724807739
126,train,0.8428950309753418
126,train,0.6952610015869141
126,train,1.1798782348632812
126,train,0.7210431694984436
127,train,0.6105743050575256
127,train,0.6048269867897034
127,train,0.7168734073638916
127,train,0.7461713552474976
127,train,0.601222038269043
127,train,0.980266273021698
127,train,0.8218921422958374
127,train,0.639888346195221
127,train,0.6076135635375977
127,train,0.8784328103065491
127,train,0.7557672262191772
127,train,0.7462345361709595
127,train,0.6398931741714478
127,train,0.6251876950263977
127,train,1.030119776725769
127,train,0.790224552154541
127,train,0.9370689392089844
127,train,0.8423606157302856
127,train,0.5967254638671875
127,train,0.6321338415145874
128,train,0.7033088803291321
128,train,0.8233035802841187
128,train,0.6572340726852417
128,train,0.6514112949371338
128,train,0.8707053661346436
128,train,0.6034521460533142
128,train,0.8116755485534668
128,train,0.8128673434257507
128,train,0.6076179146766663
128,train,0.5778327584266663
128,train,0.7756523489952087
128,train,0.7122094631195068
128,train,0.8876773715019226
128,train,1.0266848802566528
128,train,0.6861840486526489
128,train,0.7532488107681274
128,train,0.8405829668045044
128,train,0.6760264039039612
128,train,0.6212314367294312
128,train,0.8255132436752319
129,train,0.6795079112052917
129,train,0.8052939176559448
129,train,0.6284830570220947
129,train,0.8670207262039185
129,train,1.0047420263290405
129,train,0.9215210676193237
129,train,0.7636505961418152
129,train,0.6998577117919922
129,train,0.9942469596862793
129,train,1.0117323398590088
129,train,0.7621555924415588
129,train,0.7982820868492126
129,train,0.6516566872596741
129,train,0.7122621536254883
129,train,0.6194782257080078
129,train,0.8774091005325317
129,train,0.8747925758361816
129,train,0.9965283274650574
129,train,0.6471281051635742
129,train,0.6332011222839355
130,train,0.6180078387260437
130,train,0.7241376042366028
130,train,0.8358412384986877
130,train,0.709840714931488
130,train,0.710437536239624
130,train,0.7340418696403503
130,train,0.6827133297920227
130,train,0.6900060176849365
130,train,0.6249879598617554
130,train,1.0359238386154175
130,train,0.6608113050460815
130,train,0.6977478861808777
130,train,0.840811014175415
130,train,0.9361947774887085
130,train,0.6414282321929932
130,train,1.1315162181854248
130,train,0.8952018618583679
130,train,0.8299382925033569
130,train,0.7641509771347046
130,train,0.8514447808265686
131,train,0.7783169746398926
131,train,0.9710541367530823
131,train,0.9028000235557556
131,train,0.9402832984924316
131,train,1.0674155950546265
131,train,0.6218125820159912
131,train,0.5639728903770447
131,train,0.9721484780311584
131,train,1.0295518636703491
131,train,0.6719734072685242
131,train,0.508956253528595
131,train,0.9952051639556885
131,train,0.9559292197227478
131,train,0.6363673210144043
131,train,0.97283935546875
131,train,0.9905186295509338
131,train,0.7423971891403198
131,train,1.116862177848816
131,train,0.6335181593894958
131,train,0.7359358668327332
132,train,0.7883259654045105
132,train,0.8011094331741333
132,train,0.7917547225952148
132,train,0.5913538336753845
132,train,0.9639255404472351
132,train,0.6730591058731079
132,train,0.675844669342041
132,train,0.8689754009246826
132,train,0.7508404850959778
132,train,0.9134334325790405
132,train,0.7193177938461304
132,train,0.6926877498626709
132,train,1.0511983633041382
132,train,0.614378035068512
132,train,1.1953527927398682
132,train,0.9886720776557922
132,train,0.9091970324516296
132,train,0.9515150189399719
132,train,0.8733971118927002
132,train,0.8850611448287964
133,train,0.696743905544281
133,train,0.6379362344741821
133,train,1.2247042655944824
133,train,0.7874114513397217
133,train,1.0933772325515747
133,train,1.0635366439819336
133,train,0.9828222393989563
133,train,0.7159315347671509
133,train,0.7018222212791443
133,train,0.895296037197113
133,train,0.9413045644760132
133,train,0.836618185043335
133,train,0.7853050827980042
133,train,0.7427910566329956
133,train,0.6256943345069885
133,train,0.6234926581382751
133,train,0.6432872414588928
133,train,0.8705154657363892
133,train,0.8360831141471863
133,train,0.6615787148475647
0,valid,2.5513596534729004
1,valid,2.2862355709075928
2,valid,1.9507931470870972
3,valid,1.5436495542526245
4,valid,1.4106476306915283
5,valid,1.3388835191726685
6,valid,1.287508487701416
7,valid,1.337295651435852
8,valid,1.1915321350097656
9,valid,1.1777477264404297
10,valid,1.1225204467773438
11,valid,1.1300009489059448
12,valid,1.1336164474487305
13,valid,1.107118844985962
14,valid,1.1794729232788086
15,valid,1.1187571287155151
16,valid,1.084181547164917
17,valid,1.0982105731964111
18,valid,1.0805965662002563
19,valid,1.071227788925171
20,valid,1.0576934814453125
21,valid,1.035169243812561
22,valid,1.0551636219024658
23,valid,1.0409822463989258
24,valid,1.0433104038238525
25,valid,1.071527123451233
26,valid,1.064764142036438
27,valid,1.2309253215789795
28,valid,1.0122703313827515
29,valid,0.9837380051612854
30,valid,1.0151387453079224
31,valid,0.9866989850997925
32,valid,1.0773534774780273
33,valid,0.9921053051948547
34,valid,0.9828184247016907
35,valid,1.0258285999298096
36,valid,0.9992613196372986
37,valid,0.9912242889404297
38,valid,1.076598048210144
39,valid,0.9829438924789429
40,valid,0.975831151008606
41,valid,0.9997515082359314
42,valid,0.9453737735748291
43,valid,0.9504963159561157
44,valid,0.9500933289527893
45,valid,0.9663112759590149
46,valid,0.9308723211288452
47,valid,0.9991421699523926
48,valid,0.9818195104598999
49,valid,0.9125513434410095
50,valid,0.984333872795105
51,valid,1.0003105401992798
52,valid,0.9323593378067017
53,valid,0.9500463604927063
54,valid,1.0431795120239258
55,valid,0.9378280639648438
56,valid,0.9296150803565979
57,valid,0.9370620846748352
58,valid,0.9583423137664795
59,valid,0.9462637901306152
60,valid,0.9231259226799011
61,valid,1.020776629447937
62,valid,1.0113104581832886
63,valid,0.9391970038414001
64,valid,0.9342667460441589
65,valid,0.9471414089202881
66,valid,0.9369029998779297
67,valid,1.0037343502044678
68,valid,0.9307478070259094
69,valid,0.9126262068748474
70,valid,0.9269459247589111
71,valid,0.9421102404594421
72,valid,0.9649385809898376
73,valid,0.9149407148361206
74,valid,0.9082056283950806
75,valid,0.9184244275093079
76,valid,0.9264698028564453
77,valid,0.9113391041755676
78,valid,0.9168016910552979
79,valid,0.906581699848175
80,valid,0.9595116972923279
81,valid,0.9270025491714478
82,valid,0.9075886011123657
83,valid,0.9571930766105652
84,valid,0.9491114616394043
85,valid,0.9286009073257446
86,valid,0.9174899458885193
87,valid,0.9411914944648743
88,valid,0.8808600902557373
89,valid,0.8920338153839111
90,valid,0.9174593091011047
91,valid,0.943379819393158
92,valid,0.9639323949813843
93,valid,0.9252697229385376
94,valid,0.8738155364990234
95,valid,0.8846936821937561
96,valid,0.9167600274085999
97,valid,0.9010197520256042
98,valid,0.9355648159980774
99,valid,0.9125813245773315
100,valid,0.895261824131012
101,valid,0.9037862420082092
102,valid,0.9349265098571777
103,valid,0.8717958927154541
104,valid,0.8914048075675964
105,valid,0.9497359395027161
106,valid,0.9122363328933716
107,valid,0.8905969858169556
108,valid,0.8995450735092163
109,valid,0.8886822462081909
110,valid,0.9180902242660522
111,valid,0.8947521448135376
112,valid,0.8960362076759338
113,valid,0.9125325083732605
114,valid,0.9341521263122559
115,valid,0.8867320418357849
116,valid,0.9112330675125122
117,valid,0.9270163774490356
118,valid,0.8948935866355896
119,valid,0.8957099914550781
120,valid,0.9296135902404785
121,valid,0.8918838500976562
122,valid,0.9039719104766846
123,valid,0.8873701691627502
124,valid,0.8928377032279968
125,valid,0.9296875
126,valid,0.9034556746482849
127,valid,0.8906609416007996
128,valid,0.9069297313690186
129,valid,0.9004757404327393
130,valid,0.8913258910179138
131,valid,0.9037876725196838
132,valid,0.9055342078208923
133,valid,0.93181312084198
